POLAR_ID,Cohort,gene,CA19_9_T1,NLR_T1,irAE,KRAS_Mutation_Final_Grouping,CDKN2A_HomeDel_Final,Zygosity,PFS_event,PFS_months,OS
A01,A,BRCA2,43,1.9,N,G12V,Yes,Biallelic,0,50.3,52.5
A02,A,BRCA2,19,3.4,N,G12V,No,Biallelic,1,1.9,9.6
A03,A,BRCA2,11,1.9,Y,WT,No,NA,0,20.9,46.5
A04,A,BRCA2,NA,1.9,N,NA,NA,NA,0,46.2,47.6
A05,A,BRCA2,346,7.6,N,G12R,No,Biallelic,1,3.4,9
A06,A,PALB2,23,7,N,NA,NA,NA,0,35.1,42.8
A07,A,BRCA2,NA,6,Y,G12V,No,Monoallelic,0,36.4,40.1
A08,A,BRCA2,52,0.7,N,G12D,No,NA,0,36.5,36.6
A09,A,BRCA1,20,6.5,N,G12D,No,NA,1,6.1,11.8
A10,A,PALB2,69,1.7,N,WT,No,Biallelic,0,28.1,30.9
A11,A,PALB2,31,1.7,Y,WT,No,NA,1,9.2,26.6
A12 ,A,BRCA2,78,2.7,N,NA,NA,NA,1,11.4,27.7
A13,A,BRCA2,92,7.4,N,G12D,No,Monoallelic,1,3.6,9.9
A14,A,BRCA1,14982,0.4,N,G12R,No,NA,1,3.1,18.1
A15,A,PALB2,10127,3.8,N,G12V,No,Monoallelic,1,2.8,4.1
A16,A,BRCA2,178,0.9,N,G12D,Yes,NA,1,8.3,26
A17,A,BRCA1,20,12.4,N,G12V,No,NA,0,25.4,26.9
A18,A,BRCA1,190,2.8,N,G12D,Yes,NA,1,8.8,25.4
A19,A,PALB2,NA,8.6,N,WT,No,Biallelic,1,6.2,10.6
A20,A,BRCA2,991,2.7,N,NA,NA,NA,1,1.9,4.6
A21,A,BRCA2,19,2.3,N,WT,No,Biallelic,1,7.6,9.7
A22,A,BRCA1,13,2.7,N,G12D,No,Indeterminate,1,4.1,13.2
A23,A,BRCA2,74,4.8,N,WT,Yes,Biallelic,0,20.7,21.4
A24,A,BRCA2,339,3.1,N,G12V,No,Indeterminate,1,1.3,1.4
A25,A,BRCA2,57,2.9,N,WT,No,NA,1,4,11.1
A26,A,BRCA1,18,4.4,N,NA,NA,NA,1,1.9,6
A27,A,BRCA2,363,1,N,G12V,No,Biallelic,1,1.3,1.5
A28,A,PALB2,15,0.7,Y,G12R,No,NA,1,13.9,20.1
A29,A,BRCA1,66,7.7,N,G12D,No,NA,0,17.8,19.4
A30,A,BRCA2,10,3.4,N,NA,NA,NA,1,6.1,13.6
A31,A,BRCA1,2137,5.3,N,Q61,No,Biallelic,1,5.3,7
A32,A,BRCA2,11,3.6,N,NA,NA,NA,0,16.1,15.8
A33,A,BRCA2,38,3.5,N,WT,No,NA,0,12.2,14.7
B01,B,ATM,631,1.8,N,G12R,No,NA,1,1.8,23.6
B02,B,ATM,NA,2.2,N,Q61,Yes,Biallelic,1,2,9.7
B03,B,ATM,2639,6.6,N,WT,No,Biallelic,1,2,12
B04,B,CHEK2,17,2,N,G12V,No,Indeterminate,1,11.7,33.2
B05,B,ATM,70,3.5,N,NA,NA,NA,1,4.8,41.9
B06,B,BLM,24,0.7,N,WT,No,Indeterminate,0,39.3,40.9
B07,B,CHEK2,16,37.3,N,G12D,No,Biallelic,1,4,11.6
B08,B,FANCC,49,5,N,G12D,No,Biallelic,1,9,12.9
B09,B,ATM,13,5.4,N,WT,No,NA,1,6.1,15.1
B10,B,ATM,25,0.8,N,G12D,No,Monoallelic,1,11,27
B11,B,CHEK2,467,17.5,N,G12V,No,Monoallelic,1,1.4,6
B12,B,ATM,38,2.6,Y,G12D,Yes,Biallelic,1,8.8,18.1
B13,B,MUTYH,NA,1.1,N,G12D,No,Indeterminate,1,4,14.2
B14,B,ATM,383,6.2,N,G12V,No,Indeterminate,1,4,18.2
B15,B,ATM,49,1.8,N,G12R,No,Indeterminate,1,14.5,28.9
C01,C,,19,6.1,N,G12D,No,NA,1,1.9,10.7
C02,C,,18,0.9,N,G12D,No,NA,1,11.6,19
C03,C,,144,4.1,N,G12V,No,NA,1,3.3,10.4
C05,C,,1233,2,N,G12R,Yes,NA,1,4.8,37.5
C06,C,,51,2.4,N,G12V,No,NA,1,4.7,25.3
C07,C,,7,3.3,N,G12V,No,NA,1,4,10.4
C08,C,,18542,2.8,N,NOS,No,NA,1,1.3,6.6
C09,C,,28,6,N,NOS,No,NA,1,4,14.5
C10,C,,36,3.3,Y,G12R,No,NA,1,8,23.8
C11,C,,1290,0.5,N,WT,No,NA,1,1.9,9.1
C12,C,,2507,32.5,N,G12R,No,NA,1,1.9,6.2
C13,C,,304,6.4,N,G12D,No,NA,1,1.9,5
C14,C,,737,8.4,N,G12V,No,NA,1,3.4,8.5
C15,C,,265,14.1,N,G12D,No,NA,1,1.3,8.9
C16,C,,25,3.4,N,WT,No,NA,1,2.1,11.3